rel,group,run_name,dataset,seed,n_images,split_test_size,size_match,n_nan_psnr,n_bad_lines,mean_psnr
bsr_2x2ext/a2_rsscn7_s2026/test_per_image.jsonl,bsr_2x2ext,a2_rsscn7_s2026,RSSCN7,2026,281,281,True,0,0,33.188644497420015
bsr_2x2ext/a2_ucmerced_s2026/test_per_image.jsonl,bsr_2x2ext,a2_ucmerced_s2026,UCMerced_LandUse,2026,210,210,True,0,0,32.26404088338216
bsr_2x2ext/edge_deep_rsscn7_s2026/test_per_image.jsonl,bsr_2x2ext,edge_deep_rsscn7_s2026,RSSCN7,2026,281,281,True,0,0,33.18299396012601
bsr_2x2ext/edge_deep_ucmerced_s2026/test_per_image.jsonl,bsr_2x2ext,edge_deep_ucmerced_s2026,UCMerced_LandUse,2026,210,210,True,0,0,32.35080770765032
bsr_2x2ext/edge_fuse_rsscn7_s2026/test_per_image.jsonl,bsr_2x2ext,edge_fuse_rsscn7_s2026,RSSCN7,2026,281,281,True,0,0,33.197813013694464
bsr_2x2ext/edge_fuse_ucmerced_s2026/test_per_image.jsonl,bsr_2x2ext,edge_fuse_ucmerced_s2026,UCMerced_LandUse,2026,210,210,True,0,0,32.25806876591274
bsr_adapter/adapter_full_b3frozen_s2026/test_per_image.jsonl,bsr_adapter,adapter_full_b3frozen_s2026,,2026,1000,,,0,0,36.56989008522034
bsr_adapter/adapter_full_b3frozen_s2026_v2/test_per_image.jsonl,bsr_adapter,adapter_full_b3frozen_s2026_v2,,2026,1000,,,0,0,36.5780246963501
bsr_cross/b3_rsscn7_s2026/test_per_image.jsonl,bsr_cross,b3_rsscn7_s2026,RSSCN7,2026,281,281,True,0,0,33.221156945007976
bsr_cross/b3_rsscn7_s2027/test_per_image.jsonl,bsr_cross,b3_rsscn7_s2027,RSSCN7,2027,281,281,True,0,0,33.23253645167232
bsr_cross/b3_rsscn7_s2028/test_per_image.jsonl,bsr_cross,b3_rsscn7_s2028,RSSCN7,2028,281,281,True,0,0,33.22233128123436
bsr_cross/b3_ucmerced_s2026/test_per_image.jsonl,bsr_cross,b3_ucmerced_s2026,UCMerced_LandUse,2026,210,210,True,0,0,32.26467214311872
bsr_cross/b3_ucmerced_s2027/test_per_image.jsonl,bsr_cross,b3_ucmerced_s2027,UCMerced_LandUse,2027,210,210,True,0,0,32.3068149294172
bsr_cross/b3_ucmerced_s2028/test_per_image.jsonl,bsr_cross,b3_ucmerced_s2028,UCMerced_LandUse,2028,210,210,True,0,0,32.30600479670933
bsr_cross/b3_whurs19_s2026/test_per_image.jsonl,bsr_cross,b3_whurs19_s2026,WHU-RS19,2026,101,101,True,0,0,37.81208487784509
bsr_cross/b3_whurs19_s2027/test_per_image.jsonl,bsr_cross,b3_whurs19_s2027,WHU-RS19,2027,101,101,True,0,0,37.865742447352645
bsr_cross/b3_whurs19_s2028/test_per_image.jsonl,bsr_cross,b3_whurs19_s2028,WHU-RS19,2028,101,101,True,0,0,37.906644462358834
bsr_eff/litecnn_c32/test_per_image.jsonl,bsr_eff,litecnn_c32,,,1000,,,0,0,36.445312797546386
bsr_eff/litecnn_c40/test_per_image.jsonl,bsr_eff,litecnn_c40,,,1000,,,0,0,36.521516784667966
bsr_eff/litecnn_edge_fuse/test_per_image.jsonl,bsr_eff,litecnn_edge_fuse,,,1000,,,0,0,36.47997286605835
bsr_l4/rcan_small_edge_fuse_aid_s2026/test_per_image.jsonl,bsr_l4,rcan_small_edge_fuse_aid_s2026,AID,2026,1000,1000,True,0,0,36.9784464302063
bsr_stage1/stage1_aid_A1_emssm/test_per_image.jsonl,bsr_stage1,stage1_aid_A1_emssm,AID,,1000,1000,True,0,0,36.46843209648132
bsr_stage1/stage1_aid_A2_dir_edge/test_per_image.jsonl,bsr_stage1,stage1_aid_A2_dir_edge,AID,,1000,1000,True,0,0,36.504507705688475
bsr_stage1/stage1_aid_A3_gate/test_per_image.jsonl,bsr_stage1,stage1_aid_A3_gate,AID,,1000,1000,True,0,0,36.45911167526245
bsr_stage1/stage1_aid_A4_recur/test_per_image.jsonl,bsr_stage1,stage1_aid_A4_recur,AID,,1000,1000,True,0,0,36.46803063964844
bsr_stage2/stage2_aid_edge_deep/test_per_image.jsonl,bsr_stage2,stage2_aid_edge_deep,AID,,1000,1000,True,0,0,36.49103451538086
bsr_stage2/stage2_aid_edge_deep_fuse/test_per_image.jsonl,bsr_stage2,stage2_aid_edge_deep_fuse,AID,,1000,1000,True,0,0,36.56989008522034
bsr_stage2/stage2_aid_edge_deep_fuse_s2027/test_per_image.jsonl,bsr_stage2,stage2_aid_edge_deep_fuse_s2027,AID,2027,1000,1000,True,0,0,36.58776958656311
bsr_stage2/stage2_aid_edge_deep_fuse_s2028/test_per_image.jsonl,bsr_stage2,stage2_aid_edge_deep_fuse_s2028,AID,2028,1000,1000,True,0,0,36.54880423164368
bsr_stage2/stage2_aid_edge_fuse/test_per_image.jsonl,bsr_stage2,stage2_aid_edge_fuse,AID,,1000,1000,True,0,0,36.499515687942505
bsr_stage3/eddr_C4_dirloss/test_per_image.jsonl,bsr_stage3,eddr_C4_dirloss,,,1000,,,0,0,36.57080921554565
bsr_stage3/eddr_C5_full/test_per_image.jsonl,bsr_stage3,eddr_C5_full,,,1000,,,0,0,36.54352615737915
cross/cross_rsscn7_baseline_x2/test_per_image.jsonl,cross,cross_rsscn7_baseline_x2,RSSCN7,,281,281,True,0,0,33.19318169291758
cross/cross_rsscn7_oracle_x2/test_per_image.jsonl,cross,cross_rsscn7_oracle_x2,RSSCN7,,281,281,True,0,0,33.19243614359682
cross/cross_rsscn7_state_gate_x2/test_per_image.jsonl,cross,cross_rsscn7_state_gate_x2,RSSCN7,,281,281,True,0,0,33.18824165317088
cross/cross_ucmerced_baseline_x2/test_per_image.jsonl,cross,cross_ucmerced_baseline_x2,UCMerced_LandUse,,210,210,True,0,0,32.237781125023254
cross/cross_ucmerced_oracle_x2/test_per_image.jsonl,cross,cross_ucmerced_oracle_x2,UCMerced_LandUse,,210,210,True,0,0,32.238574990772065
cross/cross_ucmerced_state_gate_x2/test_per_image.jsonl,cross,cross_ucmerced_state_gate_x2,UCMerced_LandUse,,210,210,True,0,0,32.188849603562126
cross/cross_whurs19_baseline_x2/test_per_image.jsonl,cross,cross_whurs19_baseline_x2,WHU-RS19,,101,101,True,0,0,37.865626684509884
cross/cross_whurs19_oracle_x2/test_per_image.jsonl,cross,cross_whurs19_oracle_x2,WHU-RS19,,101,101,True,0,0,37.86625063301313
cross/cross_whurs19_state_gate_x2/test_per_image.jsonl,cross,cross_whurs19_state_gate_x2,WHU-RS19,,101,101,True,0,0,37.85091696635331
decision/decision_baseline_x2/test_per_image.jsonl,decision,decision_baseline_x2,,,1000,,,0,0,36.46604660224914
decision/decision_oracle_x2/test_per_image.jsonl,decision,decision_oracle_x2,,,1000,,,0,0,36.468920923233036
decision/decision_state_gate_x2/test_per_image.jsonl,decision,decision_state_gate_x2,,,1000,,,0,0,36.47649789428711
main/base_ssm_aid_s2026/test_per_image.jsonl,main,base_ssm_aid_s2026,AID,2026,1000,1000,True,0,0,36.48494532775879
main/base_ssm_aid_s2027/test_per_image.jsonl,main,base_ssm_aid_s2027,AID,2027,1000,1000,True,0,0,36.46054935455322
main/base_ssm_aid_s2028/test_per_image.jsonl,main,base_ssm_aid_s2028,AID,2028,1000,1000,True,0,0,36.47440599250793
main/base_ssm_rsscn7_s2026/test_per_image.jsonl,main,base_ssm_rsscn7_s2026,RSSCN7,2026,281,281,True,0,0,33.18312423000132
main/base_ssm_rsscn7_s2027/test_per_image.jsonl,main,base_ssm_rsscn7_s2027,RSSCN7,2027,281,281,True,0,0,33.18222725348965
main/base_ssm_rsscn7_s2028/test_per_image.jsonl,main,base_ssm_rsscn7_s2028,RSSCN7,2028,281,281,True,0,0,33.18262121261651
main/base_ssm_ucmerced_s2026/test_per_image.jsonl,main,base_ssm_ucmerced_s2026,UCMerced_LandUse,2026,210,210,True,0,0,32.23480156489781
main/base_ssm_ucmerced_s2027/test_per_image.jsonl,main,base_ssm_ucmerced_s2027,UCMerced_LandUse,2027,210,210,True,0,0,32.28372732798258
main/base_ssm_ucmerced_s2028/test_per_image.jsonl,main,base_ssm_ucmerced_s2028,UCMerced_LandUse,2028,210,210,True,0,0,32.26682921818325
main/base_ssm_whurs19_s2026/test_per_image.jsonl,main,base_ssm_whurs19_s2026,WHU-RS19,2026,101,101,True,0,0,37.83544172154795
main/base_ssm_whurs19_s2027/test_per_image.jsonl,main,base_ssm_whurs19_s2027,WHU-RS19,2027,101,101,True,0,0,37.84957995273099
main/base_ssm_whurs19_s2028/test_per_image.jsonl,main,base_ssm_whurs19_s2028,WHU-RS19,2028,101,101,True,0,0,37.84063522414406
main/edge_only_aid_s2026/test_per_image.jsonl,main,edge_only_aid_s2026,AID,2026,1000,1000,True,0,0,36.448206813812256
main/edge_only_aid_s2027/test_per_image.jsonl,main,edge_only_aid_s2027,AID,2027,1000,1000,True,0,0,36.460575534820556
main/edge_only_aid_s2028/test_per_image.jsonl,main,edge_only_aid_s2028,AID,2028,1000,1000,True,0,0,36.449858364105225
main/edge_only_rsscn7_s2026/test_per_image.jsonl,main,edge_only_rsscn7_s2026,RSSCN7,2026,281,281,True,0,0,33.18028874244554
main/edge_only_rsscn7_s2027/test_per_image.jsonl,main,edge_only_rsscn7_s2027,RSSCN7,2027,281,281,True,0,0,33.17283312705912
main/edge_only_rsscn7_s2028/test_per_image.jsonl,main,edge_only_rsscn7_s2028,RSSCN7,2028,281,281,True,0,0,33.175335887488096
main/edge_only_ucmerced_s2026/test_per_image.jsonl,main,edge_only_ucmerced_s2026,UCMerced_LandUse,2026,210,210,True,0,0,32.245778674171085
main/edge_only_ucmerced_s2027/test_per_image.jsonl,main,edge_only_ucmerced_s2027,UCMerced_LandUse,2027,210,210,True,0,0,32.23658034006755
main/edge_only_ucmerced_s2028/test_per_image.jsonl,main,edge_only_ucmerced_s2028,UCMerced_LandUse,2028,210,210,True,0,0,32.2351198105585
main/edge_only_whurs19_s2026/test_per_image.jsonl,main,edge_only_whurs19_s2026,WHU-RS19,2026,101,101,True,0,0,37.85886796630255
main/edge_only_whurs19_s2027/test_per_image.jsonl,main,edge_only_whurs19_s2027,WHU-RS19,2027,101,101,True,0,0,37.82547442747815
main/edge_only_whurs19_s2028/test_per_image.jsonl,main,edge_only_whurs19_s2028,WHU-RS19,2028,101,101,True,0,0,37.81867746787496
main/emssm_full_aid_s2026/test_per_image.jsonl,main,emssm_full_aid_s2026,AID,2026,1000,1000,True,0,0,36.46843209648132
main/emssm_full_aid_s2027/test_per_image.jsonl,main,emssm_full_aid_s2027,AID,2027,1000,1000,True,0,0,36.460848625183104
main/emssm_full_aid_s2028/test_per_image.jsonl,main,emssm_full_aid_s2028,AID,2028,1000,1000,True,0,0,36.45276372909546
main/emssm_full_rsscn7_s2026/test_per_image.jsonl,main,emssm_full_rsscn7_s2026,RSSCN7,2026,281,281,True,0,0,33.19318169291758
main/emssm_full_rsscn7_s2027/test_per_image.jsonl,main,emssm_full_rsscn7_s2027,RSSCN7,2027,281,281,True,0,0,33.1664379024845
main/emssm_full_rsscn7_s2028/test_per_image.jsonl,main,emssm_full_rsscn7_s2028,RSSCN7,2028,281,281,True,0,0,33.179581903478
main/emssm_full_ucmerced_s2026/test_per_image.jsonl,main,emssm_full_ucmerced_s2026,UCMerced_LandUse,2026,210,210,True,0,0,32.237781125023254
main/emssm_full_ucmerced_s2027/test_per_image.jsonl,main,emssm_full_ucmerced_s2027,UCMerced_LandUse,2027,210,210,True,0,0,32.2373759042649
main/emssm_full_ucmerced_s2028/test_per_image.jsonl,main,emssm_full_ucmerced_s2028,UCMerced_LandUse,2028,210,210,True,0,0,32.27652189163935
main/emssm_full_whurs19_s2026/test_per_image.jsonl,main,emssm_full_whurs19_s2026,WHU-RS19,2026,101,101,True,0,0,37.865626684509884
main/emssm_full_whurs19_s2027/test_per_image.jsonl,main,emssm_full_whurs19_s2027,WHU-RS19,2027,101,101,True,0,0,37.82344064618101
main/emssm_full_whurs19_s2028/test_per_image.jsonl,main,emssm_full_whurs19_s2028,WHU-RS19,2028,101,101,True,0,0,37.825225150231084
main/emssm_l000_aid_s2026/test_per_image.jsonl,main,emssm_l000_aid_s2026,AID,2026,1000,1000,True,0,0,36.4638026676178
main/emssm_l000_aid_s2027/test_per_image.jsonl,main,emssm_l000_aid_s2027,AID,2027,1000,1000,True,0,0,36.457045333862304
main/emssm_l000_aid_s2028/test_per_image.jsonl,main,emssm_l000_aid_s2028,AID,2028,1000,1000,True,0,0,36.44867043495178
main/emssm_l000_rsscn7_s2026/test_per_image.jsonl,main,emssm_l000_rsscn7_s2026,RSSCN7,2026,281,281,True,0,0,33.191038416798
main/emssm_l000_rsscn7_s2027/test_per_image.jsonl,main,emssm_l000_rsscn7_s2027,RSSCN7,2027,281,281,True,0,0,33.16402605674445
main/emssm_l000_rsscn7_s2028/test_per_image.jsonl,main,emssm_l000_rsscn7_s2028,RSSCN7,2028,281,281,True,0,0,33.17583726224526
main/emssm_l000_ucmerced_s2026/test_per_image.jsonl,main,emssm_l000_ucmerced_s2026,UCMerced_LandUse,2026,210,210,True,0,0,32.23674215589251
main/emssm_l000_ucmerced_s2027/test_per_image.jsonl,main,emssm_l000_ucmerced_s2027,UCMerced_LandUse,2027,210,210,True,0,0,32.23253715151832
main/emssm_l000_ucmerced_s2028/test_per_image.jsonl,main,emssm_l000_ucmerced_s2028,UCMerced_LandUse,2028,210,210,True,0,0,32.26261218843006
main/emssm_l000_whurs19_s2026/test_per_image.jsonl,main,emssm_l000_whurs19_s2026,WHU-RS19,2026,101,101,True,0,0,37.876303512271086
main/emssm_l000_whurs19_s2027/test_per_image.jsonl,main,emssm_l000_whurs19_s2027,WHU-RS19,2027,101,101,True,0,0,37.813901674629435
main/emssm_l000_whurs19_s2028/test_per_image.jsonl,main,emssm_l000_whurs19_s2028,WHU-RS19,2028,101,101,True,0,0,37.81189351978868
main/emssm_l004_aid_s2026/test_per_image.jsonl,main,emssm_l004_aid_s2026,AID,2026,1000,1000,True,0,0,36.46594720840454
main/emssm_l004_aid_s2027/test_per_image.jsonl,main,emssm_l004_aid_s2027,AID,2027,1000,1000,True,0,0,36.460720224380495
main/emssm_l004_aid_s2028/test_per_image.jsonl,main,emssm_l004_aid_s2028,AID,2028,1000,1000,True,0,0,36.451509656906126
main/emssm_l004_rsscn7_s2026/test_per_image.jsonl,main,emssm_l004_rsscn7_s2026,RSSCN7,2026,281,281,True,0,0,33.19332797501859
main/emssm_l004_rsscn7_s2027/test_per_image.jsonl,main,emssm_l004_rsscn7_s2027,RSSCN7,2027,281,281,True,0,0,33.16606484952771
main/emssm_l004_rsscn7_s2028/test_per_image.jsonl,main,emssm_l004_rsscn7_s2028,RSSCN7,2028,281,281,True,0,0,33.17847465705193
main/emssm_l004_ucmerced_s2026/test_per_image.jsonl,main,emssm_l004_ucmerced_s2026,UCMerced_LandUse,2026,210,210,True,0,0,32.23802799951463
main/emssm_l004_ucmerced_s2027/test_per_image.jsonl,main,emssm_l004_ucmerced_s2027,UCMerced_LandUse,2027,210,210,True,0,0,32.23554340544201
main/emssm_l004_ucmerced_s2028/test_per_image.jsonl,main,emssm_l004_ucmerced_s2028,UCMerced_LandUse,2028,210,210,True,0,0,32.270743987673804
main/emssm_l004_whurs19_s2026/test_per_image.jsonl,main,emssm_l004_whurs19_s2026,WHU-RS19,2026,101,101,True,0,0,37.868785178307256
main/emssm_l004_whurs19_s2027/test_per_image.jsonl,main,emssm_l004_whurs19_s2027,WHU-RS19,2027,101,101,True,0,0,37.824350942479505
main/emssm_l004_whurs19_s2028/test_per_image.jsonl,main,emssm_l004_whurs19_s2028,WHU-RS19,2028,101,101,True,0,0,37.82611907354676
main/emssm_l012_aid_s2026/test_per_image.jsonl,main,emssm_l012_aid_s2026,AID,2026,1000,1000,True,0,0,36.4692453327179
main/emssm_l012_aid_s2027/test_per_image.jsonl,main,emssm_l012_aid_s2027,AID,2027,1000,1000,True,0,0,36.46027786064148
main/emssm_l012_aid_s2028/test_per_image.jsonl,main,emssm_l012_aid_s2028,AID,2028,1000,1000,True,0,0,36.451841606140135
main/emssm_l012_rsscn7_s2026/test_per_image.jsonl,main,emssm_l012_rsscn7_s2026,RSSCN7,2026,281,281,True,0,0,33.193528653888094
main/emssm_l012_rsscn7_s2027/test_per_image.jsonl,main,emssm_l012_rsscn7_s2027,RSSCN7,2027,281,281,True,0,0,33.166790761981574
main/emssm_l012_rsscn7_s2028/test_per_image.jsonl,main,emssm_l012_rsscn7_s2028,RSSCN7,2028,281,281,True,0,0,33.18082751073871
main/emssm_l012_ucmerced_s2026/test_per_image.jsonl,main,emssm_l012_ucmerced_s2026,UCMerced_LandUse,2026,210,210,True,0,0,32.23716123671759
main/emssm_l012_ucmerced_s2027/test_per_image.jsonl,main,emssm_l012_ucmerced_s2027,UCMerced_LandUse,2027,210,210,True,0,0,32.235146931239534
main/emssm_l012_ucmerced_s2028/test_per_image.jsonl,main,emssm_l012_ucmerced_s2028,UCMerced_LandUse,2028,210,210,True,0,0,32.276230566842216
main/emssm_l012_whurs19_s2026/test_per_image.jsonl,main,emssm_l012_whurs19_s2026,WHU-RS19,2026,101,101,True,0,0,37.86272132042611
main/emssm_l012_whurs19_s2027/test_per_image.jsonl,main,emssm_l012_whurs19_s2027,WHU-RS19,2027,101,101,True,0,0,37.818650689455545
main/emssm_l012_whurs19_s2028/test_per_image.jsonl,main,emssm_l012_whurs19_s2028,WHU-RS19,2028,101,101,True,0,0,37.82856389791659
main/emssm_learn_edge_aid_s2026/test_per_image.jsonl,main,emssm_learn_edge_aid_s2026,AID,2026,1000,1000,True,0,0,36.48468456268311
main/emssm_learn_edge_aid_s2027/test_per_image.jsonl,main,emssm_learn_edge_aid_s2027,AID,2027,1000,1000,True,0,0,36.473827220916746
main/emssm_learn_edge_aid_s2028/test_per_image.jsonl,main,emssm_learn_edge_aid_s2028,AID,2028,1000,1000,True,0,0,36.48201107978821
main/emssm_multidir_aid_s2026/test_per_image.jsonl,main,emssm_multidir_aid_s2026,AID,2026,1000,1000,True,0,0,36.475733364105224
main/emssm_multidir_aid_s2027/test_per_image.jsonl,main,emssm_multidir_aid_s2027,AID,2027,1000,1000,True,0,0,36.45048781967163
main/emssm_multidir_aid_s2028/test_per_image.jsonl,main,emssm_multidir_aid_s2028,AID,2028,1000,1000,True,0,0,36.484303134918214
main/fenet32_aid_s2026/test_per_image.jsonl,main,fenet32_aid_s2026,AID,2026,1000,1000,True,0,0,36.80525150299072
main/fenet32_aid_s2027/test_per_image.jsonl,main,fenet32_aid_s2027,AID,2027,1000,1000,True,0,0,36.79945146179199
main/fenet32_aid_s2028/test_per_image.jsonl,main,fenet32_aid_s2028,AID,2028,1000,1000,True,0,0,36.79570208358765
main/fenet32_rsscn7_s2026/test_per_image.jsonl,main,fenet32_rsscn7_s2026,RSSCN7,2026,281,281,True,0,0,33.274251198005
main/fenet32_rsscn7_s2027/test_per_image.jsonl,main,fenet32_rsscn7_s2027,RSSCN7,2027,281,281,True,0,0,33.23123994331767
main/fenet32_rsscn7_s2028/test_per_image.jsonl,main,fenet32_rsscn7_s2028,RSSCN7,2028,281,281,True,0,0,33.28283984635648
main/fenet32_ucmerced_s2026/test_per_image.jsonl,main,fenet32_ucmerced_s2026,UCMerced_LandUse,2026,210,210,True,0,0,32.49515120188395
main/fenet32_ucmerced_s2027/test_per_image.jsonl,main,fenet32_ucmerced_s2027,UCMerced_LandUse,2027,210,210,True,0,0,32.43786176953997
main/fenet32_ucmerced_s2028/test_per_image.jsonl,main,fenet32_ucmerced_s2028,UCMerced_LandUse,2028,210,210,True,0,0,32.4621342250279
main/fenet32_whurs19_s2026/test_per_image.jsonl,main,fenet32_whurs19_s2026,WHU-RS19,2026,101,101,True,0,0,37.79948026827066
main/fenet32_whurs19_s2027/test_per_image.jsonl,main,fenet32_whurs19_s2027,WHU-RS19,2027,101,101,True,0,0,37.61233080495702
main/fenet32_whurs19_s2028/test_per_image.jsonl,main,fenet32_whurs19_s2028,WHU-RS19,2028,101,101,True,0,0,37.755931929786605
main/fusion_only_aid_s2026/test_per_image.jsonl,main,fusion_only_aid_s2026,AID,2026,1000,1000,True,0,0,36.49965723800659
main/fusion_only_aid_s2027/test_per_image.jsonl,main,fusion_only_aid_s2027,AID,2027,1000,1000,True,0,0,36.458825929641726
main/fusion_only_aid_s2028/test_per_image.jsonl,main,fusion_only_aid_s2028,AID,2028,1000,1000,True,0,0,36.49815753746033
main/fusion_only_rsscn7_s2026/test_per_image.jsonl,main,fusion_only_rsscn7_s2026,RSSCN7,2026,281,281,True,0,0,33.192947251940964
main/fusion_only_rsscn7_s2027/test_per_image.jsonl,main,fusion_only_rsscn7_s2027,RSSCN7,2027,281,281,True,0,0,33.18211110885457
main/fusion_only_rsscn7_s2028/test_per_image.jsonl,main,fusion_only_rsscn7_s2028,RSSCN7,2028,281,281,True,0,0,33.19155245064841
main/fusion_only_ucmerced_s2026/test_per_image.jsonl,main,fusion_only_ucmerced_s2026,UCMerced_LandUse,2026,210,210,True,0,0,32.2671413512457
main/fusion_only_ucmerced_s2027/test_per_image.jsonl,main,fusion_only_ucmerced_s2027,UCMerced_LandUse,2027,210,210,True,0,0,32.24114220937093
main/fusion_only_ucmerced_s2028/test_per_image.jsonl,main,fusion_only_ucmerced_s2028,UCMerced_LandUse,2028,210,210,True,0,0,32.2680172874814
main/fusion_only_whurs19_s2026/test_per_image.jsonl,main,fusion_only_whurs19_s2026,WHU-RS19,2026,101,101,True,0,0,37.80778061517395
main/fusion_only_whurs19_s2027/test_per_image.jsonl,main,fusion_only_whurs19_s2027,WHU-RS19,2027,101,101,True,0,0,37.82258549303111
main/fusion_only_whurs19_s2028/test_per_image.jsonl,main,fusion_only_whurs19_s2028,WHU-RS19,2028,101,101,True,0,0,37.8478164861698
main/litecnn_aid_s2026/test_per_image.jsonl,main,litecnn_aid_s2026,AID,2026,1000,1000,True,0,0,36.445312797546386
main/litecnn_aid_s2027/test_per_image.jsonl,main,litecnn_aid_s2027,AID,2027,1000,1000,True,0,0,36.458344165802
main/litecnn_aid_s2028/test_per_image.jsonl,main,litecnn_aid_s2028,AID,2028,1000,1000,True,0,0,36.45926298522949
main/litecnn_rsscn7_s2026/test_per_image.jsonl,main,litecnn_rsscn7_s2026,RSSCN7,2026,281,281,True,0,0,33.217531801542776
main/litecnn_rsscn7_s2027/test_per_image.jsonl,main,litecnn_rsscn7_s2027,RSSCN7,2027,281,281,True,0,0,33.206713292946596
main/litecnn_rsscn7_s2028/test_per_image.jsonl,main,litecnn_rsscn7_s2028,RSSCN7,2028,281,281,True,0,0,33.195305488287765
main/litecnn_ucmerced_s2026/test_per_image.jsonl,main,litecnn_ucmerced_s2026,UCMerced_LandUse,2026,210,210,True,0,0,32.210751696995324
main/litecnn_ucmerced_s2027/test_per_image.jsonl,main,litecnn_ucmerced_s2027,UCMerced_LandUse,2027,210,210,True,0,0,32.22905016399565
main/litecnn_ucmerced_s2028/test_per_image.jsonl,main,litecnn_ucmerced_s2028,UCMerced_LandUse,2028,210,210,True,0,0,32.22040461585635
main/litecnn_whurs19_s2026/test_per_image.jsonl,main,litecnn_whurs19_s2026,WHU-RS19,2026,101,101,True,0,0,37.933963379057325
main/litecnn_whurs19_s2027/test_per_image.jsonl,main,litecnn_whurs19_s2027,WHU-RS19,2027,101,101,True,0,0,37.93377545800539
main/litecnn_whurs19_s2028/test_per_image.jsonl,main,litecnn_whurs19_s2028,WHU-RS19,2028,101,101,True,0,0,37.956130150521155
main/rcan_small_aid_s2026/test_per_image.jsonl,main,rcan_small_aid_s2026,AID,2026,1000,1000,True,0,0,36.9765882472992
main/rcan_small_aid_s2027/test_per_image.jsonl,main,rcan_small_aid_s2027,AID,2027,1000,1000,True,0,0,36.9769610710144
main/rcan_small_aid_s2028/test_per_image.jsonl,main,rcan_small_aid_s2028,AID,2028,1000,1000,True,0,0,36.9873724861145
main/rcan_small_rsscn7_s2026/test_per_image.jsonl,main,rcan_small_rsscn7_s2026,RSSCN7,2026,281,281,True,0,0,33.38407020297339
main/rcan_small_rsscn7_s2027/test_per_image.jsonl,main,rcan_small_rsscn7_s2027,RSSCN7,2027,281,281,True,0,0,33.38925424759074
main/rcan_small_rsscn7_s2028/test_per_image.jsonl,main,rcan_small_rsscn7_s2028,RSSCN7,2028,281,281,True,0,0,33.38703310277538
main/rcan_small_ucmerced_s2026/test_per_image.jsonl,main,rcan_small_ucmerced_s2026,UCMerced_LandUse,2026,210,210,True,0,0,32.689425532023115
main/rcan_small_ucmerced_s2027/test_per_image.jsonl,main,rcan_small_ucmerced_s2027,UCMerced_LandUse,2027,210,210,True,0,0,32.69153229849679
main/rcan_small_ucmerced_s2028/test_per_image.jsonl,main,rcan_small_ucmerced_s2028,UCMerced_LandUse,2028,210,210,True,0,0,32.70769980294364
main/rcan_small_whurs19_s2026/test_per_image.jsonl,main,rcan_small_whurs19_s2026,WHU-RS19,2026,101,101,True,0,0,37.97284341566633
main/rcan_small_whurs19_s2027/test_per_image.jsonl,main,rcan_small_whurs19_s2027,WHU-RS19,2027,101,101,True,0,0,38.00364609520034
main/rcan_small_whurs19_s2028/test_per_image.jsonl,main,rcan_small_whurs19_s2028,WHU-RS19,2028,101,101,True,0,0,38.01033069119595
